STATION	STATION_NAME	ELEVATION	LATITUDE	LONGITUDE	DATE	PRCP	TMAX	TMIN
GHCND:USW00014739	BOSTON LOGAN INTERNATIONAL AIRPORT MA US	3.7	42.3606	-71.0106	20150101	0	6	-55
GHCND:USW00014739	BOSTON LOGAN INTERNATIONAL AIRPORT MA US	3.7	42.3606	-71.0106	20150102	0	50	-5
GHCND:USW00014739	BOSTON LOGAN INTERNATIONAL AIRPORT MA US	3.7	42.3606	-71.0106	20150103	157	28	-55
GHCND:USW00014739	BOSTON LOGAN INTERNATIONAL AIRPORT MA US	3.7	42.3606	-71.0106	20150104	145	111	17
GHCND:USW00014739	BOSTON LOGAN INTERNATIONAL AIRPORT MA US	3.7	42.3606	-71.0106	20150105	0	100	-82
GHCND:USW00014739	BOSTON LOGAN INTERNATIONAL AIRPORT MA US	3.7	42.3606	-71.0106	20150106	5	-77	-93
GHCND:USW00014739	BOSTON LOGAN INTERNATIONAL AIRPORT MA US	3.7	42.3606	-71.0106	20150107	0	-32	-155
GHCND:USW00014739	BOSTON LOGAN INTERNATIONAL AIRPORT MA US	3.7	42.3606	-71.0106	20150108	0	-71	-182
GHCND:USW00014739	BOSTON LOGAN INTERNATIONAL AIRPORT MA US	3.7	42.3606	-71.0106	20150109	3	-10	-71
GHCND:USW00014739	BOSTON LOGAN INTERNATIONAL AIRPORT MA US	3.7	42.3606	-71.0106	20150110	0	-43	-82
GHCND:USW00014739	BOSTON LOGAN INTERNATIONAL AIRPORT MA US	3.7	42.3606	-71.0106	20150111	0	6	-93
GHCND:USW00014739	BOSTON LOGAN INTERNATIONAL AIRPORT MA US	3.7	42.3606	-71.0106	20150112	51	33	6
GHCND:USW00014739	BOSTON LOGAN INTERNATIONAL AIRPORT MA US	3.7	42.3606	-71.0106	20150113	0	17	-93
GHCND:USW00014739	BOSTON LOGAN INTERNATIONAL AIRPORT MA US	3.7	42.3606	-71.0106	20150114	0	-38	-99
GHCND:USW00014739	BOSTON LOGAN INTERNATIONAL AIRPORT MA US	3.7	42.3606	-71.0106	20150115	30	-5	-38
GHCND:USW00014739	BOSTON LOGAN INTERNATIONAL AIRPORT MA US	3.7	42.3606	-71.0106	20150116	0	33	-93
GHCND:USW00014739	BOSTON LOGAN INTERNATIONAL AIRPORT MA US	3.7	42.3606	-71.0106	20150117	0	-55	-127
GHCND:USW00014739	BOSTON LOGAN INTERNATIONAL AIRPORT MA US	3.7	42.3606	-71.0106	20150118	38	106	-66
GHCND:USW00014739	BOSTON LOGAN INTERNATIONAL AIRPORT MA US	3.7	42.3606	-71.0106	20150119	0	78	0
GHCND:USW00014739	BOSTON LOGAN INTERNATIONAL AIRPORT MA US	3.7	42.3606	-71.0106	20150120	0	39	-27
GHCND:USW00014739	BOSTON LOGAN INTERNATIONAL AIRPORT MA US	3.7	42.3606	-71.0106	20150121	0	11	-55
GHCND:USW00014739	BOSTON LOGAN INTERNATIONAL AIRPORT MA US	3.7	42.3606	-71.0106	20150122	0	28	-16
GHCND:USW00014739	BOSTON LOGAN INTERNATIONAL AIRPORT MA US	3.7	42.3606	-71.0106	20150123	0	28	-43
GHCND:USW00014739	BOSTON LOGAN INTERNATIONAL AIRPORT MA US	3.7	42.3606	-71.0106	20150124	180	11	-5
GHCND:USW00014739	BOSTON LOGAN INTERNATIONAL AIRPORT MA US	3.7	42.3606	-71.0106	20150125	0	33	-71
GHCND:USW00014739	BOSTON LOGAN INTERNATIONAL AIRPORT MA US	3.7	42.3606	-71.0106	20150126	25	-16	-116
GHCND:USW00014739	BOSTON LOGAN INTERNATIONAL AIRPORT MA US	3.7	42.3606	-71.0106	20150127	241	-71	-99
GHCND:USW00014739	BOSTON LOGAN INTERNATIONAL AIRPORT MA US	3.7	42.3606	-71.0106	20150128	3	-43	-105
GHCND:USW00014739	BOSTON LOGAN INTERNATIONAL AIRPORT MA US	3.7	42.3606	-71.0106	20150129	0	0	-121
GHCND:USW00014739	BOSTON LOGAN INTERNATIONAL AIRPORT MA US	3.7	42.3606	-71.0106	20150130	15	11	-71
GHCND:USW00014739	BOSTON LOGAN INTERNATIONAL AIRPORT MA US	3.7	42.3606	-71.0106	20150131	13	-60	-116
GHCND:USW00014739	BOSTON LOGAN INTERNATIONAL AIRPORT MA US	3.7	42.3606	-71.0106	20150201	0	-10	-110
GHCND:USW00014739	BOSTON LOGAN INTERNATIONAL AIRPORT MA US	3.7	42.3606	-71.0106	20150202	198	-5	-121
GHCND:USW00014739	BOSTON LOGAN INTERNATIONAL AIRPORT MA US	3.7	42.3606	-71.0106	20150203	0	-55	-143
GHCND:USW00014739	BOSTON LOGAN INTERNATIONAL AIRPORT MA US	3.7	42.3606	-71.0106	20150204	3	33	-99
GHCND:USW00014739	BOSTON LOGAN INTERNATIONAL AIRPORT MA US	3.7	42.3606	-71.0106	20150205	23	22	-138
GHCND:USW00014739	BOSTON LOGAN INTERNATIONAL AIRPORT MA US	3.7	42.3606	-71.0106	20150206	0	-60	-149
GHCND:USW00014739	BOSTON LOGAN INTERNATIONAL AIRPORT MA US	3.7	42.3606	-71.0106	20150207	18	-16	-88
GHCND:USW00014739	BOSTON LOGAN INTERNATIONAL AIRPORT MA US	3.7	42.3606	-71.0106	20150208	94	-16	-105
GHCND:USW00014739	BOSTON LOGAN INTERNATIONAL AIRPORT MA US	3.7	42.3606	-71.0106	20150209	224	-38	-99
GHCND:USW00014739	BOSTON LOGAN INTERNATIONAL AIRPORT MA US	3.7	42.3606	-71.0106	20150210	13	-10	-99
GHCND:USW00014739	BOSTON LOGAN INTERNATIONAL AIRPORT MA US	3.7	42.3606	-71.0106	20150211	3	-38	-99
GHCND:USW00014739	BOSTON LOGAN INTERNATIONAL AIRPORT MA US	3.7	42.3606	-71.0106	20150212	8	-10	-88
GHCND:USW00014739	BOSTON LOGAN INTERNATIONAL AIRPORT MA US	3.7	42.3606	-71.0106	20150213	0	-55	-138
GHCND:USW00014739	BOSTON LOGAN INTERNATIONAL AIRPORT MA US	3.7	42.3606	-71.0106	20150214	58	-10	-160
GHCND:USW00014739	BOSTON LOGAN INTERNATIONAL AIRPORT MA US	3.7	42.3606	-71.0106	20150215	99	-66	-188
GHCND:USW00014739	BOSTON LOGAN INTERNATIONAL AIRPORT MA US	3.7	42.3606	-71.0106	20150216	0	-71	-193
GHCND:USW00014739	BOSTON LOGAN INTERNATIONAL AIRPORT MA US	3.7	42.3606	-71.0106	20150217	5	-49	-121
GHCND:USW00014739	BOSTON LOGAN INTERNATIONAL AIRPORT MA US	3.7	42.3606	-71.0106	20150218	3	-16	-82
GHCND:USW00014739	BOSTON LOGAN INTERNATIONAL AIRPORT MA US	3.7	42.3606	-71.0106	20150219	15	-10	-121
GHCND:USW00014739	BOSTON LOGAN INTERNATIONAL AIRPORT MA US	3.7	42.3606	-71.0106	20150220	0	-66	-149
GHCND:USW00014739	BOSTON LOGAN INTERNATIONAL AIRPORT MA US	3.7	42.3606	-71.0106	20150221	43	11	-155
GHCND:USW00014739	BOSTON LOGAN INTERNATIONAL AIRPORT MA US	3.7	42.3606	-71.0106	20150222	28	39	-21
GHCND:USW00014739	BOSTON LOGAN INTERNATIONAL AIRPORT MA US	3.7	42.3606	-71.0106	20150223	0	6	-155
GHCND:USW00014739	BOSTON LOGAN INTERNATIONAL AIRPORT MA US	3.7	42.3606	-71.0106	20150224	0	-71	-166
GHCND:USW00014739	BOSTON LOGAN INTERNATIONAL AIRPORT MA US	3.7	42.3606	-71.0106	20150225	18	17	-99
GHCND:USW00014739	BOSTON LOGAN INTERNATIONAL AIRPORT MA US	3.7	42.3606	-71.0106	20150226	5	-55	-82
GHCND:USW00014739	BOSTON LOGAN INTERNATIONAL AIRPORT MA US	3.7	42.3606	-71.0106	20150227	0	-27	-93
GHCND:USW00014739	BOSTON LOGAN INTERNATIONAL AIRPORT MA US	3.7	42.3606	-71.0106	20150228	0	-5	-110
GHCND:USW00014739	BOSTON LOGAN INTERNATIONAL AIRPORT MA US	3.7	42.3606	-71.0106	20150301	43	-10	-110
GHCND:USW00014739	BOSTON LOGAN INTERNATIONAL AIRPORT MA US	3.7	42.3606	-71.0106	20150302	3	28	-32
GHCND:USW00014739	BOSTON LOGAN INTERNATIONAL AIRPORT MA US	3.7	42.3606	-71.0106	20150303	66	6	-66
GHCND:USW00014739	BOSTON LOGAN INTERNATIONAL AIRPORT MA US	3.7	42.3606	-71.0106	20150304	5	61	6
GHCND:USW00014739	BOSTON LOGAN INTERNATIONAL AIRPORT MA US	3.7	42.3606	-71.0106	20150305	0	39	-77
GHCND:USW00014739	BOSTON LOGAN INTERNATIONAL AIRPORT MA US	3.7	42.3606	-71.0106	20150306	0	-43	-127
GHCND:USW00014739	BOSTON LOGAN INTERNATIONAL AIRPORT MA US	3.7	42.3606	-71.0106	20150307	0	33	-82
GHCND:USW00014739	BOSTON LOGAN INTERNATIONAL AIRPORT MA US	3.7	42.3606	-71.0106	20150308	0	56	-43
GHCND:USW00014739	BOSTON LOGAN INTERNATIONAL AIRPORT MA US	3.7	42.3606	-71.0106	20150309	0	89	-32
GHCND:USW00014739	BOSTON LOGAN INTERNATIONAL AIRPORT MA US	3.7	42.3606	-71.0106	20150310	15	89	-5
GHCND:USW00014739	BOSTON LOGAN INTERNATIONAL AIRPORT MA US	3.7	42.3606	-71.0106	20150311	3	139	28
GHCND:USW00014739	BOSTON LOGAN INTERNATIONAL AIRPORT MA US	3.7	42.3606	-71.0106	20150312	0	61	-38
GHCND:USW00014739	BOSTON LOGAN INTERNATIONAL AIRPORT MA US	3.7	42.3606	-71.0106	20150313	0	44	-43
GHCND:USW00014739	BOSTON LOGAN INTERNATIONAL AIRPORT MA US	3.7	42.3606	-71.0106	20150314	203	39	-5
GHCND:USW00014739	BOSTON LOGAN INTERNATIONAL AIRPORT MA US	3.7	42.3606	-71.0106	20150315	69	50	-27
GHCND:USW00014739	BOSTON LOGAN INTERNATIONAL AIRPORT MA US	3.7	42.3606	-71.0106	20150316	0	72	-32
GHCND:USW00014739	BOSTON LOGAN INTERNATIONAL AIRPORT MA US	3.7	42.3606	-71.0106	20150317	36	106	-21
GHCND:USW00014739	BOSTON LOGAN INTERNATIONAL AIRPORT MA US	3.7	42.3606	-71.0106	20150318	0	-10	-55
GHCND:USW00014739	BOSTON LOGAN INTERNATIONAL AIRPORT MA US	3.7	42.3606	-71.0106	20150319	0	11	-71
GHCND:USW00014739	BOSTON LOGAN INTERNATIONAL AIRPORT MA US	3.7	42.3606	-71.0106	20150320	13	0	-49
GHCND:USW00014739	BOSTON LOGAN INTERNATIONAL AIRPORT MA US	3.7	42.3606	-71.0106	20150321	23	50	-21
GHCND:USW00014739	BOSTON LOGAN INTERNATIONAL AIRPORT MA US	3.7	42.3606	-71.0106	20150322	0	39	-60
GHCND:USW00014739	BOSTON LOGAN INTERNATIONAL AIRPORT MA US	3.7	42.3606	-71.0106	20150323	0	6	-77
GHCND:USW00014739	BOSTON LOGAN INTERNATIONAL AIRPORT MA US	3.7	42.3606	-71.0106	20150324	0	17	-66
GHCND:USW00014739	BOSTON LOGAN INTERNATIONAL AIRPORT MA US	3.7	42.3606	-71.0106	20150325	10	94	-21
GHCND:USW00014739	BOSTON LOGAN INTERNATIONAL AIRPORT MA US	3.7	42.3606	-71.0106	20150326	203	133	33
GHCND:USW00014739	BOSTON LOGAN INTERNATIONAL AIRPORT MA US	3.7	42.3606	-71.0106	20150327	53	67	28
GHCND:USW00014739	BOSTON LOGAN INTERNATIONAL AIRPORT MA US	3.7	42.3606	-71.0106	20150328	30	44	-10
GHCND:USW00014739	BOSTON LOGAN INTERNATIONAL AIRPORT MA US	3.7	42.3606	-71.0106	20150329	0	56	-32
GHCND:USW00014739	BOSTON LOGAN INTERNATIONAL AIRPORT MA US	3.7	42.3606	-71.0106	20150330	0	72	-10
GHCND:USW00014739	BOSTON LOGAN INTERNATIONAL AIRPORT MA US	3.7	42.3606	-71.0106	20150331	0	100	28
GHCND:USW00014739	BOSTON LOGAN INTERNATIONAL AIRPORT MA US	3.7	42.3606	-71.0106	20150401	0	83	-10
GHCND:USW00014739	BOSTON LOGAN INTERNATIONAL AIRPORT MA US	3.7	42.3606	-71.0106	20150402	0	161	-10
GHCND:USW00014739	BOSTON LOGAN INTERNATIONAL AIRPORT MA US	3.7	42.3606	-71.0106	20150403	8	150	72
GHCND:USW00014739	BOSTON LOGAN INTERNATIONAL AIRPORT MA US	3.7	42.3606	-71.0106	20150404	99	111	22
GHCND:USW00014739	BOSTON LOGAN INTERNATIONAL AIRPORT MA US	3.7	42.3606	-71.0106	20150405	0	94	0
GHCND:USW00014739	BOSTON LOGAN INTERNATIONAL AIRPORT MA US	3.7	42.3606	-71.0106	20150406	0	56	22
GHCND:USW00014739	BOSTON LOGAN INTERNATIONAL AIRPORT MA US	3.7	42.3606	-71.0106	20150407	8	56	22
GHCND:USW00014739	BOSTON LOGAN INTERNATIONAL AIRPORT MA US	3.7	42.3606	-71.0106	20150408	66	56	11
GHCND:USW00014739	BOSTON LOGAN INTERNATIONAL AIRPORT MA US	3.7	42.3606	-71.0106	20150409	23	28	6
GHCND:USW00014739	BOSTON LOGAN INTERNATIONAL AIRPORT MA US	3.7	42.3606	-71.0106	20150410	23	128	22
GHCND:USW00014739	BOSTON LOGAN INTERNATIONAL AIRPORT MA US	3.7	42.3606	-71.0106	20150411	0	139	56
GHCND:USW00014739	BOSTON LOGAN INTERNATIONAL AIRPORT MA US	3.7	42.3606	-71.0106	20150412	0	200	39
GHCND:USW00014739	BOSTON LOGAN INTERNATIONAL AIRPORT MA US	3.7	42.3606	-71.0106	20150413	0	206	50
GHCND:USW00014739	BOSTON LOGAN INTERNATIONAL AIRPORT MA US	3.7	42.3606	-71.0106	20150414	3	183	111
GHCND:USW00014739	BOSTON LOGAN INTERNATIONAL AIRPORT MA US	3.7	42.3606	-71.0106	20150415	0	194	100
GHCND:USW00014739	BOSTON LOGAN INTERNATIONAL AIRPORT MA US	3.7	42.3606	-71.0106	20150416	0	156	50
GHCND:USW00014739	BOSTON LOGAN INTERNATIONAL AIRPORT MA US	3.7	42.3606	-71.0106	20150417	15	183	83
GHCND:USW00014739	BOSTON LOGAN INTERNATIONAL AIRPORT MA US	3.7	42.3606	-71.0106	20150418	0	156	61
GHCND:USW00014739	BOSTON LOGAN INTERNATIONAL AIRPORT MA US	3.7	42.3606	-71.0106	20150419	0	100	50
GHCND:USW00014739	BOSTON LOGAN INTERNATIONAL AIRPORT MA US	3.7	42.3606	-71.0106	20150420	155	106	50
GHCND:USW00014739	BOSTON LOGAN INTERNATIONAL AIRPORT MA US	3.7	42.3606	-71.0106	20150421	137	183	78
GHCND:USW00014739	BOSTON LOGAN INTERNATIONAL AIRPORT MA US	3.7	42.3606	-71.0106	20150422	0	194	61
GHCND:USW00014739	BOSTON LOGAN INTERNATIONAL AIRPORT MA US	3.7	42.3606	-71.0106	20150423	0	106	33
GHCND:USW00014739	BOSTON LOGAN INTERNATIONAL AIRPORT MA US	3.7	42.3606	-71.0106	20150424	0	100	28
GHCND:USW00014739	BOSTON LOGAN INTERNATIONAL AIRPORT MA US	3.7	42.3606	-71.0106	20150425	0	133	22
GHCND:USW00014739	BOSTON LOGAN INTERNATIONAL AIRPORT MA US	3.7	42.3606	-71.0106	20150426	0	133	61
GHCND:USW00014739	BOSTON LOGAN INTERNATIONAL AIRPORT MA US	3.7	42.3606	-71.0106	20150427	25	139	72
GHCND:USW00014739	BOSTON LOGAN INTERNATIONAL AIRPORT MA US	3.7	42.3606	-71.0106	20150428	18	178	56
GHCND:USW00014739	BOSTON LOGAN INTERNATIONAL AIRPORT MA US	3.7	42.3606	-71.0106	20150429	0	122	89
GHCND:USW00014739	BOSTON LOGAN INTERNATIONAL AIRPORT MA US	3.7	42.3606	-71.0106	20150430	0	128	67
GHCND:USW00014739	BOSTON LOGAN INTERNATIONAL AIRPORT MA US	3.7	42.3606	-71.0106	20150501	0	94	39
GHCND:USW00014739	BOSTON LOGAN INTERNATIONAL AIRPORT MA US	3.7	42.3606	-71.0106	20150502	0	100	39
GHCND:USW00014739	BOSTON LOGAN INTERNATIONAL AIRPORT MA US	3.7	42.3606	-71.0106	20150503	0	194	72
GHCND:USW00014739	BOSTON LOGAN INTERNATIONAL AIRPORT MA US	3.7	42.3606	-71.0106	20150504	0	289	94
GHCND:USW00014739	BOSTON LOGAN INTERNATIONAL AIRPORT MA US	3.7	42.3606	-71.0106	20150505	5	211	122
GHCND:USW00014739	BOSTON LOGAN INTERNATIONAL AIRPORT MA US	3.7	42.3606	-71.0106	20150506	0	228	111
GHCND:USW00014739	BOSTON LOGAN INTERNATIONAL AIRPORT MA US	3.7	42.3606	-71.0106	20150507	0	261	117
GHCND:USW00014739	BOSTON LOGAN INTERNATIONAL AIRPORT MA US	3.7	42.3606	-71.0106	20150508	0	217	78
GHCND:USW00014739	BOSTON LOGAN INTERNATIONAL AIRPORT MA US	3.7	42.3606	-71.0106	20150509	0	217	78
GHCND:USW00014739	BOSTON LOGAN INTERNATIONAL AIRPORT MA US	3.7	42.3606	-71.0106	20150510	0	317	150
GHCND:USW00014739	BOSTON LOGAN INTERNATIONAL AIRPORT MA US	3.7	42.3606	-71.0106	20150511	0	267	100
GHCND:USW00014739	BOSTON LOGAN INTERNATIONAL AIRPORT MA US	3.7	42.3606	-71.0106	20150512	5	306	89
GHCND:USW00014739	BOSTON LOGAN INTERNATIONAL AIRPORT MA US	3.7	42.3606	-71.0106	20150513	0	206	117
GHCND:USW00014739	BOSTON LOGAN INTERNATIONAL AIRPORT MA US	3.7	42.3606	-71.0106	20150514	0	206	94
GHCND:USW00014739	BOSTON LOGAN INTERNATIONAL AIRPORT MA US	3.7	42.3606	-71.0106	20150515	0	194	89
GHCND:USW00014739	BOSTON LOGAN INTERNATIONAL AIRPORT MA US	3.7	42.3606	-71.0106	20150516	0	217	128
GHCND:USW00014739	BOSTON LOGAN INTERNATIONAL AIRPORT MA US	3.7	42.3606	-71.0106	20150517	0	194	111
GHCND:USW00014739	BOSTON LOGAN INTERNATIONAL AIRPORT MA US	3.7	42.3606	-71.0106	20150518	0	144	94
GHCND:USW00014739	BOSTON LOGAN INTERNATIONAL AIRPORT MA US	3.7	42.3606	-71.0106	20150519	69	183	111
GHCND:USW00014739	BOSTON LOGAN INTERNATIONAL AIRPORT MA US	3.7	42.3606	-71.0106	20150520	0	189	106
GHCND:USW00014739	BOSTON LOGAN INTERNATIONAL AIRPORT MA US	3.7	42.3606	-71.0106	20150521	0	194	72
GHCND:USW00014739	BOSTON LOGAN INTERNATIONAL AIRPORT MA US	3.7	42.3606	-71.0106	20150522	0	244	111
GHCND:USW00014739	BOSTON LOGAN INTERNATIONAL AIRPORT MA US	3.7	42.3606	-71.0106	20150523	0	183	67
GHCND:USW00014739	BOSTON LOGAN INTERNATIONAL AIRPORT MA US	3.7	42.3606	-71.0106	20150524	0	283	106
GHCND:USW00014739	BOSTON LOGAN INTERNATIONAL AIRPORT MA US	3.7	42.3606	-71.0106	20150525	0	272	144
GHCND:USW00014739	BOSTON LOGAN INTERNATIONAL AIRPORT MA US	3.7	42.3606	-71.0106	20150526	0	306	178
GHCND:USW00014739	BOSTON LOGAN INTERNATIONAL AIRPORT MA US	3.7	42.3606	-71.0106	20150527	0	294	183
GHCND:USW00014739	BOSTON LOGAN INTERNATIONAL AIRPORT MA US	3.7	42.3606	-71.0106	20150528	0	300	178
GHCND:USW00014739	BOSTON LOGAN INTERNATIONAL AIRPORT MA US	3.7	42.3606	-71.0106	20150529	0	222	128
GHCND:USW00014739	BOSTON LOGAN INTERNATIONAL AIRPORT MA US	3.7	42.3606	-71.0106	20150530	0	311	144
GHCND:USW00014739	BOSTON LOGAN INTERNATIONAL AIRPORT MA US	3.7	42.3606	-71.0106	20150531	231	250	89
GHCND:USW00014739	BOSTON LOGAN INTERNATIONAL AIRPORT MA US	3.7	42.3606	-71.0106	20150601	97	94	83
GHCND:USW00014739	BOSTON LOGAN INTERNATIONAL AIRPORT MA US	3.7	42.3606	-71.0106	20150602	188	94	78
GHCND:USW00014739	BOSTON LOGAN INTERNATIONAL AIRPORT MA US	3.7	42.3606	-71.0106	20150603	0	133	83
GHCND:USW00014739	BOSTON LOGAN INTERNATIONAL AIRPORT MA US	3.7	42.3606	-71.0106	20150604	0	144	94
GHCND:USW00014739	BOSTON LOGAN INTERNATIONAL AIRPORT MA US	3.7	42.3606	-71.0106	20150605	0	150	100
GHCND:USW00014739	BOSTON LOGAN INTERNATIONAL AIRPORT MA US	3.7	42.3606	-71.0106	20150606	23	194	111
GHCND:USW00014739	BOSTON LOGAN INTERNATIONAL AIRPORT MA US	3.7	42.3606	-71.0106	20150607	0	194	117
GHCND:USW00014739	BOSTON LOGAN INTERNATIONAL AIRPORT MA US	3.7	42.3606	-71.0106	20150608	0	244	117
GHCND:USW00014739	BOSTON LOGAN INTERNATIONAL AIRPORT MA US	3.7	42.3606	-71.0106	20150609	0	256	178
GHCND:USW00014739	BOSTON LOGAN INTERNATIONAL AIRPORT MA US	3.7	42.3606	-71.0106	20150610	0	278	167
GHCND:USW00014739	BOSTON LOGAN INTERNATIONAL AIRPORT MA US	3.7	42.3606	-71.0106	20150611	0	311	178
GHCND:USW00014739	BOSTON LOGAN INTERNATIONAL AIRPORT MA US	3.7	42.3606	-71.0106	20150612	0	261	183
GHCND:USW00014739	BOSTON LOGAN INTERNATIONAL AIRPORT MA US	3.7	42.3606	-71.0106	20150613	0	294	178
GHCND:USW00014739	BOSTON LOGAN INTERNATIONAL AIRPORT MA US	3.7	42.3606	-71.0106	20150614	0	233	167
GHCND:USW00014739	BOSTON LOGAN INTERNATIONAL AIRPORT MA US	3.7	42.3606	-71.0106	20150615	102	172	122
GHCND:USW00014739	BOSTON LOGAN INTERNATIONAL AIRPORT MA US	3.7	42.3606	-71.0106	20150616	0	217	133
GHCND:USW00014739	BOSTON LOGAN INTERNATIONAL AIRPORT MA US	3.7	42.3606	-71.0106	20150617	0	206	150
GHCND:USW00014739	BOSTON LOGAN INTERNATIONAL AIRPORT MA US	3.7	42.3606	-71.0106	20150618	0	244	139
GHCND:USW00014739	BOSTON LOGAN INTERNATIONAL AIRPORT MA US	3.7	42.3606	-71.0106	20150619	0	300	172
GHCND:USW00014739	BOSTON LOGAN INTERNATIONAL AIRPORT MA US	3.7	42.3606	-71.0106	20150620	10	239	144
GHCND:USW00014739	BOSTON LOGAN INTERNATIONAL AIRPORT MA US	3.7	42.3606	-71.0106	20150621	437	244	156
GHCND:USW00014739	BOSTON LOGAN INTERNATIONAL AIRPORT MA US	3.7	42.3606	-71.0106	20150622	0	250	161
GHCND:USW00014739	BOSTON LOGAN INTERNATIONAL AIRPORT MA US	3.7	42.3606	-71.0106	20150623	3	311	156
GHCND:USW00014739	BOSTON LOGAN INTERNATIONAL AIRPORT MA US	3.7	42.3606	-71.0106	20150624	0	289	194
GHCND:USW00014739	BOSTON LOGAN INTERNATIONAL AIRPORT MA US	3.7	42.3606	-71.0106	20150625	0	272	178
GHCND:USW00014739	BOSTON LOGAN INTERNATIONAL AIRPORT MA US	3.7	42.3606	-71.0106	20150626	0	222	150
GHCND:USW00014739	BOSTON LOGAN INTERNATIONAL AIRPORT MA US	3.7	42.3606	-71.0106	20150627	51	200	139
GHCND:USW00014739	BOSTON LOGAN INTERNATIONAL AIRPORT MA US	3.7	42.3606	-71.0106	20150628	363	150	111
GHCND:USW00014739	BOSTON LOGAN INTERNATIONAL AIRPORT MA US	3.7	42.3606	-71.0106	20150629	0	239	117
GHCND:USW00014739	BOSTON LOGAN INTERNATIONAL AIRPORT MA US	3.7	42.3606	-71.0106	20150630	0	239	156
GHCND:USW00014739	BOSTON LOGAN INTERNATIONAL AIRPORT MA US	3.7	42.3606	-71.0106	20150701	137	278	167
GHCND:USW00014739	BOSTON LOGAN INTERNATIONAL AIRPORT MA US	3.7	42.3606	-71.0106	20150702	0	267	178
GHCND:USW00014739	BOSTON LOGAN INTERNATIONAL AIRPORT MA US	3.7	42.3606	-71.0106	20150703	0	244	172
GHCND:USW00014739	BOSTON LOGAN INTERNATIONAL AIRPORT MA US	3.7	42.3606	-71.0106	20150704	0	222	167
GHCND:USW00014739	BOSTON LOGAN INTERNATIONAL AIRPORT MA US	3.7	42.3606	-71.0106	20150705	0	283	161
GHCND:USW00014739	BOSTON LOGAN INTERNATIONAL AIRPORT MA US	3.7	42.3606	-71.0106	20150706	0	267	200
GHCND:USW00014739	BOSTON LOGAN INTERNATIONAL AIRPORT MA US	3.7	42.3606	-71.0106	20150707	5	289	183
GHCND:USW00014739	BOSTON LOGAN INTERNATIONAL AIRPORT MA US	3.7	42.3606	-71.0106	20150708	0	311	206
GHCND:USW00014739	BOSTON LOGAN INTERNATIONAL AIRPORT MA US	3.7	42.3606	-71.0106	20150709	38	206	172
GHCND:USW00014739	BOSTON LOGAN INTERNATIONAL AIRPORT MA US	3.7	42.3606	-71.0106	20150710	284	250	156
GHCND:USW00014739	BOSTON LOGAN INTERNATIONAL AIRPORT MA US	3.7	42.3606	-71.0106	20150711	0	283	200
GHCND:USW00014739	BOSTON LOGAN INTERNATIONAL AIRPORT MA US	3.7	42.3606	-71.0106	20150712	0	317	222
GHCND:USW00014739	BOSTON LOGAN INTERNATIONAL AIRPORT MA US	3.7	42.3606	-71.0106	20150713	0	250	194
GHCND:USW00014739	BOSTON LOGAN INTERNATIONAL AIRPORT MA US	3.7	42.3606	-71.0106	20150714	8	278	183
GHCND:USW00014739	BOSTON LOGAN INTERNATIONAL AIRPORT MA US	3.7	42.3606	-71.0106	20150715	0	278	194
GHCND:USW00014739	BOSTON LOGAN INTERNATIONAL AIRPORT MA US	3.7	42.3606	-71.0106	20150716	0	200	150
GHCND:USW00014739	BOSTON LOGAN INTERNATIONAL AIRPORT MA US	3.7	42.3606	-71.0106	20150717	0	239	156
GHCND:USW00014739	BOSTON LOGAN INTERNATIONAL AIRPORT MA US	3.7	42.3606	-71.0106	20150718	36	256	178
GHCND:USW00014739	BOSTON LOGAN INTERNATIONAL AIRPORT MA US	3.7	42.3606	-71.0106	20150719	0	322	217
GHCND:USW00014739	BOSTON LOGAN INTERNATIONAL AIRPORT MA US	3.7	42.3606	-71.0106	20150720	0	333	211
GHCND:USW00014739	BOSTON LOGAN INTERNATIONAL AIRPORT MA US	3.7	42.3606	-71.0106	20150721	0	272	211
GHCND:USW00014739	BOSTON LOGAN INTERNATIONAL AIRPORT MA US	3.7	42.3606	-71.0106	20150722	0	289	206
GHCND:USW00014739	BOSTON LOGAN INTERNATIONAL AIRPORT MA US	3.7	42.3606	-71.0106	20150723	0	278	194
GHCND:USW00014739	BOSTON LOGAN INTERNATIONAL AIRPORT MA US	3.7	42.3606	-71.0106	20150724	3	272	189
GHCND:USW00014739	BOSTON LOGAN INTERNATIONAL AIRPORT MA US	3.7	42.3606	-71.0106	20150725	0	206	167
GHCND:USW00014739	BOSTON LOGAN INTERNATIONAL AIRPORT MA US	3.7	42.3606	-71.0106	20150726	0	261	172
GHCND:USW00014739	BOSTON LOGAN INTERNATIONAL AIRPORT MA US	3.7	42.3606	-71.0106	20150727	15	300	200
GHCND:USW00014739	BOSTON LOGAN INTERNATIONAL AIRPORT MA US	3.7	42.3606	-71.0106	20150728	0	300	211
GHCND:USW00014739	BOSTON LOGAN INTERNATIONAL AIRPORT MA US	3.7	42.3606	-71.0106	20150729	0	333	217
GHCND:USW00014739	BOSTON LOGAN INTERNATIONAL AIRPORT MA US	3.7	42.3606	-71.0106	20150730	5	328	233
GHCND:USW00014739	BOSTON LOGAN INTERNATIONAL AIRPORT MA US	3.7	42.3606	-71.0106	20150731	0	317	228
GHCND:USW00014739	BOSTON LOGAN INTERNATIONAL AIRPORT MA US	3.7	42.3606	-71.0106	20150801	0	322	200
GHCND:USW00014739	BOSTON LOGAN INTERNATIONAL AIRPORT MA US	3.7	42.3606	-71.0106	20150802	0	311	200
GHCND:USW00014739	BOSTON LOGAN INTERNATIONAL AIRPORT MA US	3.7	42.3606	-71.0106	20150803	0	322	200
GHCND:USW00014739	BOSTON LOGAN INTERNATIONAL AIRPORT MA US	3.7	42.3606	-71.0106	20150804	124	317	189
GHCND:USW00014739	BOSTON LOGAN INTERNATIONAL AIRPORT MA US	3.7	42.3606	-71.0106	20150805	0	294	183
GHCND:USW00014739	BOSTON LOGAN INTERNATIONAL AIRPORT MA US	3.7	42.3606	-71.0106	20150806	0	278	183
GHCND:USW00014739	BOSTON LOGAN INTERNATIONAL AIRPORT MA US	3.7	42.3606	-71.0106	20150807	0	228	178
GHCND:USW00014739	BOSTON LOGAN INTERNATIONAL AIRPORT MA US	3.7	42.3606	-71.0106	20150808	0	244	161
GHCND:USW00014739	BOSTON LOGAN INTERNATIONAL AIRPORT MA US	3.7	42.3606	-71.0106	20150809	0	228	167
GHCND:USW00014739	BOSTON LOGAN INTERNATIONAL AIRPORT MA US	3.7	42.3606	-71.0106	20150810	0	283	172
GHCND:USW00014739	BOSTON LOGAN INTERNATIONAL AIRPORT MA US	3.7	42.3606	-71.0106	20150811	211	222	178
GHCND:USW00014739	BOSTON LOGAN INTERNATIONAL AIRPORT MA US	3.7	42.3606	-71.0106	20150812	0	294	200
GHCND:USW00014739	BOSTON LOGAN INTERNATIONAL AIRPORT MA US	3.7	42.3606	-71.0106	20150813	0	278	189
GHCND:USW00014739	BOSTON LOGAN INTERNATIONAL AIRPORT MA US	3.7	42.3606	-71.0106	20150814	0	300	172
GHCND:USW00014739	BOSTON LOGAN INTERNATIONAL AIRPORT MA US	3.7	42.3606	-71.0106	20150815	20	328	200
GHCND:USW00014739	BOSTON LOGAN INTERNATIONAL AIRPORT MA US	3.7	42.3606	-71.0106	20150816	0	322	194
GHCND:USW00014739	BOSTON LOGAN INTERNATIONAL AIRPORT MA US	3.7	42.3606	-71.0106	20150817	0	328	217
GHCND:USW00014739	BOSTON LOGAN INTERNATIONAL AIRPORT MA US	3.7	42.3606	-71.0106	20150818	36	306	217
GHCND:USW00014739	BOSTON LOGAN INTERNATIONAL AIRPORT MA US	3.7	42.3606	-71.0106	20150819	0	311	217
GHCND:USW00014739	BOSTON LOGAN INTERNATIONAL AIRPORT MA US	3.7	42.3606	-71.0106	20150820	0	256	200
GHCND:USW00014739	BOSTON LOGAN INTERNATIONAL AIRPORT MA US	3.7	42.3606	-71.0106	20150821	160	283	194
GHCND:USW00014739	BOSTON LOGAN INTERNATIONAL AIRPORT MA US	3.7	42.3606	-71.0106	20150822	0	228	194
GHCND:USW00014739	BOSTON LOGAN INTERNATIONAL AIRPORT MA US	3.7	42.3606	-71.0106	20150823	5	217	194
GHCND:USW00014739	BOSTON LOGAN INTERNATIONAL AIRPORT MA US	3.7	42.3606	-71.0106	20150824	0	239	200
GHCND:USW00014739	BOSTON LOGAN INTERNATIONAL AIRPORT MA US	3.7	42.3606	-71.0106	20150825	0	272	194
GHCND:USW00014739	BOSTON LOGAN INTERNATIONAL AIRPORT MA US	3.7	42.3606	-71.0106	20150826	0	294	206
GHCND:USW00014739	BOSTON LOGAN INTERNATIONAL AIRPORT MA US	3.7	42.3606	-71.0106	20150827	0	278	183
GHCND:USW00014739	BOSTON LOGAN INTERNATIONAL AIRPORT MA US	3.7	42.3606	-71.0106	20150828	0	239	178
GHCND:USW00014739	BOSTON LOGAN INTERNATIONAL AIRPORT MA US	3.7	42.3606	-71.0106	20150829	0	278	172
GHCND:USW00014739	BOSTON LOGAN INTERNATIONAL AIRPORT MA US	3.7	42.3606	-71.0106	20150830	0	311	206
GHCND:USW00014739	BOSTON LOGAN INTERNATIONAL AIRPORT MA US	3.7	42.3606	-71.0106	20150831	0	322	217
GHCND:USW00014739	BOSTON LOGAN INTERNATIONAL AIRPORT MA US	3.7	42.3606	-71.0106	20150901	0	261	206
GHCND:USW00014739	BOSTON LOGAN INTERNATIONAL AIRPORT MA US	3.7	42.3606	-71.0106	20150902	0	328	189
GHCND:USW00014739	BOSTON LOGAN INTERNATIONAL AIRPORT MA US	3.7	42.3606	-71.0106	20150903	3	278	211
GHCND:USW00014739	BOSTON LOGAN INTERNATIONAL AIRPORT MA US	3.7	42.3606	-71.0106	20150904	0	222	167
GHCND:USW00014739	BOSTON LOGAN INTERNATIONAL AIRPORT MA US	3.7	42.3606	-71.0106	20150905	0	228	144
GHCND:USW00014739	BOSTON LOGAN INTERNATIONAL AIRPORT MA US	3.7	42.3606	-71.0106	20150906	0	278	161
GHCND:USW00014739	BOSTON LOGAN INTERNATIONAL AIRPORT MA US	3.7	42.3606	-71.0106	20150907	0	339	189
GHCND:USW00014739	BOSTON LOGAN INTERNATIONAL AIRPORT MA US	3.7	42.3606	-71.0106	20150908	51	356	222
GHCND:USW00014739	BOSTON LOGAN INTERNATIONAL AIRPORT MA US	3.7	42.3606	-71.0106	20150909	0	339	222
GHCND:USW00014739	BOSTON LOGAN INTERNATIONAL AIRPORT MA US	3.7	42.3606	-71.0106	20150910	43	250	178
GHCND:USW00014739	BOSTON LOGAN INTERNATIONAL AIRPORT MA US	3.7	42.3606	-71.0106	20150911	168	228	172
GHCND:USW00014739	BOSTON LOGAN INTERNATIONAL AIRPORT MA US	3.7	42.3606	-71.0106	20150912	3	217	156
GHCND:USW00014739	BOSTON LOGAN INTERNATIONAL AIRPORT MA US	3.7	42.3606	-71.0106	20150913	97	189	172
GHCND:USW00014739	BOSTON LOGAN INTERNATIONAL AIRPORT MA US	3.7	42.3606	-71.0106	20150914	0	222	139
GHCND:USW00014739	BOSTON LOGAN INTERNATIONAL AIRPORT MA US	3.7	42.3606	-71.0106	20150915	0	289	167
GHCND:USW00014739	BOSTON LOGAN INTERNATIONAL AIRPORT MA US	3.7	42.3606	-71.0106	20150916	0	272	183
GHCND:USW00014739	BOSTON LOGAN INTERNATIONAL AIRPORT MA US	3.7	42.3606	-71.0106	20150917	0	317	178
GHCND:USW00014739	BOSTON LOGAN INTERNATIONAL AIRPORT MA US	3.7	42.3606	-71.0106	20150918	0	294	183
GHCND:USW00014739	BOSTON LOGAN INTERNATIONAL AIRPORT MA US	3.7	42.3606	-71.0106	20150919	0	261	167
GHCND:USW00014739	BOSTON LOGAN INTERNATIONAL AIRPORT MA US	3.7	42.3606	-71.0106	20150920	0	239	139
GHCND:USW00014739	BOSTON LOGAN INTERNATIONAL AIRPORT MA US	3.7	42.3606	-71.0106	20150921	0	189	117
GHCND:USW00014739	BOSTON LOGAN INTERNATIONAL AIRPORT MA US	3.7	42.3606	-71.0106	20150922	0	200	133
GHCND:USW00014739	BOSTON LOGAN INTERNATIONAL AIRPORT MA US	3.7	42.3606	-71.0106	20150923	0	200	122
GHCND:USW00014739	BOSTON LOGAN INTERNATIONAL AIRPORT MA US	3.7	42.3606	-71.0106	20150924	0	233	144
GHCND:USW00014739	BOSTON LOGAN INTERNATIONAL AIRPORT MA US	3.7	42.3606	-71.0106	20150925	0	189	128
GHCND:USW00014739	BOSTON LOGAN INTERNATIONAL AIRPORT MA US	3.7	42.3606	-71.0106	20150926	0	172	100
GHCND:USW00014739	BOSTON LOGAN INTERNATIONAL AIRPORT MA US	3.7	42.3606	-71.0106	20150927	0	178	89
GHCND:USW00014739	BOSTON LOGAN INTERNATIONAL AIRPORT MA US	3.7	42.3606	-71.0106	20150928	0	256	133
GHCND:USW00014739	BOSTON LOGAN INTERNATIONAL AIRPORT MA US	3.7	42.3606	-71.0106	20150929	10	289	183
GHCND:USW00014739	BOSTON LOGAN INTERNATIONAL AIRPORT MA US	3.7	42.3606	-71.0106	20150930	625	256	139
GHCND:USW00014739	BOSTON LOGAN INTERNATIONAL AIRPORT MA US	3.7	42.3606	-71.0106	20151001	0	150	122
GHCND:USW00014739	BOSTON LOGAN INTERNATIONAL AIRPORT MA US	3.7	42.3606	-71.0106	20151002	20	122	100
GHCND:USW00014739	BOSTON LOGAN INTERNATIONAL AIRPORT MA US	3.7	42.3606	-71.0106	20151003	3	122	94
GHCND:USW00014739	BOSTON LOGAN INTERNATIONAL AIRPORT MA US	3.7	42.3606	-71.0106	20151004	0	133	106
GHCND:USW00014739	BOSTON LOGAN INTERNATIONAL AIRPORT MA US	3.7	42.3606	-71.0106	20151005	0	161	89
GHCND:USW00014739	BOSTON LOGAN INTERNATIONAL AIRPORT MA US	3.7	42.3606	-71.0106	20151006	0	178	89
GHCND:USW00014739	BOSTON LOGAN INTERNATIONAL AIRPORT MA US	3.7	42.3606	-71.0106	20151007	0	222	111
GHCND:USW00014739	BOSTON LOGAN INTERNATIONAL AIRPORT MA US	3.7	42.3606	-71.0106	20151008	0	167	106
GHCND:USW00014739	BOSTON LOGAN INTERNATIONAL AIRPORT MA US	3.7	42.3606	-71.0106	20151009	86	222	111
GHCND:USW00014739	BOSTON LOGAN INTERNATIONAL AIRPORT MA US	3.7	42.3606	-71.0106	20151010	0	161	89
GHCND:USW00014739	BOSTON LOGAN INTERNATIONAL AIRPORT MA US	3.7	42.3606	-71.0106	20151011	0	200	89
GHCND:USW00014739	BOSTON LOGAN INTERNATIONAL AIRPORT MA US	3.7	42.3606	-71.0106	20151012	0	244	106
GHCND:USW00014739	BOSTON LOGAN INTERNATIONAL AIRPORT MA US	3.7	42.3606	-71.0106	20151013	30	222	128
GHCND:USW00014739	BOSTON LOGAN INTERNATIONAL AIRPORT MA US	3.7	42.3606	-71.0106	20151014	0	200	106
GHCND:USW00014739	BOSTON LOGAN INTERNATIONAL AIRPORT MA US	3.7	42.3606	-71.0106	20151015	0	167	83
GHCND:USW00014739	BOSTON LOGAN INTERNATIONAL AIRPORT MA US	3.7	42.3606	-71.0106	20151016	0	161	100
GHCND:USW00014739	BOSTON LOGAN INTERNATIONAL AIRPORT MA US	3.7	42.3606	-71.0106	20151017	0	133	44
GHCND:USW00014739	BOSTON LOGAN INTERNATIONAL AIRPORT MA US	3.7	42.3606	-71.0106	20151018	0	83	6
GHCND:USW00014739	BOSTON LOGAN INTERNATIONAL AIRPORT MA US	3.7	42.3606	-71.0106	20151019	0	89	-5
GHCND:USW00014739	BOSTON LOGAN INTERNATIONAL AIRPORT MA US	3.7	42.3606	-71.0106	20151020	0	189	72
GHCND:USW00014739	BOSTON LOGAN INTERNATIONAL AIRPORT MA US	3.7	42.3606	-71.0106	20151021	18	161	117
GHCND:USW00014739	BOSTON LOGAN INTERNATIONAL AIRPORT MA US	3.7	42.3606	-71.0106	20151022	0	228	111
GHCND:USW00014739	BOSTON LOGAN INTERNATIONAL AIRPORT MA US	3.7	42.3606	-71.0106	20151023	0	150	44
GHCND:USW00014739	BOSTON LOGAN INTERNATIONAL AIRPORT MA US	3.7	42.3606	-71.0106	20151024	0	94	33
GHCND:USW00014739	BOSTON LOGAN INTERNATIONAL AIRPORT MA US	3.7	42.3606	-71.0106	20151025	8	172	89
GHCND:USW00014739	BOSTON LOGAN INTERNATIONAL AIRPORT MA US	3.7	42.3606	-71.0106	20151026	0	111	61
GHCND:USW00014739	BOSTON LOGAN INTERNATIONAL AIRPORT MA US	3.7	42.3606	-71.0106	20151027	0	122	33
GHCND:USW00014739	BOSTON LOGAN INTERNATIONAL AIRPORT MA US	3.7	42.3606	-71.0106	20151028	91	183	56
GHCND:USW00014739	BOSTON LOGAN INTERNATIONAL AIRPORT MA US	3.7	42.3606	-71.0106	20151029	185	239	139
GHCND:USW00014739	BOSTON LOGAN INTERNATIONAL AIRPORT MA US	3.7	42.3606	-71.0106	20151030	0	161	56
GHCND:USW00014739	BOSTON LOGAN INTERNATIONAL AIRPORT MA US	3.7	42.3606	-71.0106	20151031	0	111	33
GHCND:USW00014739	BOSTON LOGAN INTERNATIONAL AIRPORT MA US	3.7	42.3606	-71.0106	20151101	0	167	89
GHCND:USW00014739	BOSTON LOGAN INTERNATIONAL AIRPORT MA US	3.7	42.3606	-71.0106	20151102	0	178	106
GHCND:USW00014739	BOSTON LOGAN INTERNATIONAL AIRPORT MA US	3.7	42.3606	-71.0106	20151103	0	228	83
GHCND:USW00014739	BOSTON LOGAN INTERNATIONAL AIRPORT MA US	3.7	42.3606	-71.0106	20151104	0	156	94
GHCND:USW00014739	BOSTON LOGAN INTERNATIONAL AIRPORT MA US	3.7	42.3606	-71.0106	20151105	0	244	100
GHCND:USW00014739	BOSTON LOGAN INTERNATIONAL AIRPORT MA US	3.7	42.3606	-71.0106	20151106	0	228	167
GHCND:USW00014739	BOSTON LOGAN INTERNATIONAL AIRPORT MA US	3.7	42.3606	-71.0106	20151107	0	206	100
GHCND:USW00014739	BOSTON LOGAN INTERNATIONAL AIRPORT MA US	3.7	42.3606	-71.0106	20151108	0	133	67
GHCND:USW00014739	BOSTON LOGAN INTERNATIONAL AIRPORT MA US	3.7	42.3606	-71.0106	20151109	0	156	50
GHCND:USW00014739	BOSTON LOGAN INTERNATIONAL AIRPORT MA US	3.7	42.3606	-71.0106	20151110	18	117	67
GHCND:USW00014739	BOSTON LOGAN INTERNATIONAL AIRPORT MA US	3.7	42.3606	-71.0106	20151111	137	100	78
GHCND:USW00014739	BOSTON LOGAN INTERNATIONAL AIRPORT MA US	3.7	42.3606	-71.0106	20151112	10	139	78
GHCND:USW00014739	BOSTON LOGAN INTERNATIONAL AIRPORT MA US	3.7	42.3606	-71.0106	20151113	3	150	78
GHCND:USW00014739	BOSTON LOGAN INTERNATIONAL AIRPORT MA US	3.7	42.3606	-71.0106	20151114	0	83	28
GHCND:USW00014739	BOSTON LOGAN INTERNATIONAL AIRPORT MA US	3.7	42.3606	-71.0106	20151115	0	122	28
GHCND:USW00014739	BOSTON LOGAN INTERNATIONAL AIRPORT MA US	3.7	42.3606	-71.0106	20151116	0	161	39
GHCND:USW00014739	BOSTON LOGAN INTERNATIONAL AIRPORT MA US	3.7	42.3606	-71.0106	20151117	0	72	6
GHCND:USW00014739	BOSTON LOGAN INTERNATIONAL AIRPORT MA US	3.7	42.3606	-71.0106	20151118	0	89	-5
GHCND:USW00014739	BOSTON LOGAN INTERNATIONAL AIRPORT MA US	3.7	42.3606	-71.0106	20151119	0	128	61
GHCND:USW00014739	BOSTON LOGAN INTERNATIONAL AIRPORT MA US	3.7	42.3606	-71.0106	20151120	218	161	67
GHCND:USW00014739	BOSTON LOGAN INTERNATIONAL AIRPORT MA US	3.7	42.3606	-71.0106	20151121	0	89	33
GHCND:USW00014739	BOSTON LOGAN INTERNATIONAL AIRPORT MA US	3.7	42.3606	-71.0106	20151122	76	94	22
GHCND:USW00014739	BOSTON LOGAN INTERNATIONAL AIRPORT MA US	3.7	42.3606	-71.0106	20151123	10	56	-10
GHCND:USW00014739	BOSTON LOGAN INTERNATIONAL AIRPORT MA US	3.7	42.3606	-71.0106	20151124	0	67	-16
GHCND:USW00014739	BOSTON LOGAN INTERNATIONAL AIRPORT MA US	3.7	42.3606	-71.0106	20151125	0	67	-10
GHCND:USW00014739	BOSTON LOGAN INTERNATIONAL AIRPORT MA US	3.7	42.3606	-71.0106	20151126	0	150	33
GHCND:USW00014739	BOSTON LOGAN INTERNATIONAL AIRPORT MA US	3.7	42.3606	-71.0106	20151127	0	178	89
GHCND:USW00014739	BOSTON LOGAN INTERNATIONAL AIRPORT MA US	3.7	42.3606	-71.0106	20151128	53	156	50
GHCND:USW00014739	BOSTON LOGAN INTERNATIONAL AIRPORT MA US	3.7	42.3606	-71.0106	20151129	0	67	0
GHCND:USW00014739	BOSTON LOGAN INTERNATIONAL AIRPORT MA US	3.7	42.3606	-71.0106	20151130	0	33	-21
GHCND:USW00014739	BOSTON LOGAN INTERNATIONAL AIRPORT MA US	3.7	42.3606	-71.0106	20151201	36	72	0
GHCND:USW00014739	BOSTON LOGAN INTERNATIONAL AIRPORT MA US	3.7	42.3606	-71.0106	20151202	81	106	39
GHCND:USW00014739	BOSTON LOGAN INTERNATIONAL AIRPORT MA US	3.7	42.3606	-71.0106	20151203	0	111	50
GHCND:USW00014739	BOSTON LOGAN INTERNATIONAL AIRPORT MA US	3.7	42.3606	-71.0106	20151204	0	89	33
GHCND:USW00014739	BOSTON LOGAN INTERNATIONAL AIRPORT MA US	3.7	42.3606	-71.0106	20151205	0	117	39
GHCND:USW00014739	BOSTON LOGAN INTERNATIONAL AIRPORT MA US	3.7	42.3606	-71.0106	20151206	0	150	22
GHCND:USW00014739	BOSTON LOGAN INTERNATIONAL AIRPORT MA US	3.7	42.3606	-71.0106	20151207	0	133	28
GHCND:USW00014739	BOSTON LOGAN INTERNATIONAL AIRPORT MA US	3.7	42.3606	-71.0106	20151208	0	67	28
GHCND:USW00014739	BOSTON LOGAN INTERNATIONAL AIRPORT MA US	3.7	42.3606	-71.0106	20151209	0	78	28
GHCND:USW00014739	BOSTON LOGAN INTERNATIONAL AIRPORT MA US	3.7	42.3606	-71.0106	20151210	0	144	61
GHCND:USW00014739	BOSTON LOGAN INTERNATIONAL AIRPORT MA US	3.7	42.3606	-71.0106	20151211	0	144	61
GHCND:USW00014739	BOSTON LOGAN INTERNATIONAL AIRPORT MA US	3.7	42.3606	-71.0106	20151212	0	161	94
GHCND:USW00014739	BOSTON LOGAN INTERNATIONAL AIRPORT MA US	3.7	42.3606	-71.0106	20151213	0	117	78
GHCND:USW00014739	BOSTON LOGAN INTERNATIONAL AIRPORT MA US	3.7	42.3606	-71.0106	20151214	107	144	78
GHCND:USW00014739	BOSTON LOGAN INTERNATIONAL AIRPORT MA US	3.7	42.3606	-71.0106	20151215	48	161	89
GHCND:USW00014739	BOSTON LOGAN INTERNATIONAL AIRPORT MA US	3.7	42.3606	-71.0106	20151216	0	89	33
GHCND:USW00014739	BOSTON LOGAN INTERNATIONAL AIRPORT MA US	3.7	42.3606	-71.0106	20151217	140	111	39
GHCND:USW00014739	BOSTON LOGAN INTERNATIONAL AIRPORT MA US	3.7	42.3606	-71.0106	20151218	10	111	39
GHCND:USW00014739	BOSTON LOGAN INTERNATIONAL AIRPORT MA US	3.7	42.3606	-71.0106	20151219	0	44	6
GHCND:USW00014739	BOSTON LOGAN INTERNATIONAL AIRPORT MA US	3.7	42.3606	-71.0106	20151220	0	50	-5
GHCND:USW00014739	BOSTON LOGAN INTERNATIONAL AIRPORT MA US	3.7	42.3606	-71.0106	20151221	0	117	0
GHCND:USW00014739	BOSTON LOGAN INTERNATIONAL AIRPORT MA US	3.7	42.3606	-71.0106	20151222	58	156	89
GHCND:USW00014739	BOSTON LOGAN INTERNATIONAL AIRPORT MA US	3.7	42.3606	-71.0106	20151223	193	133	72
GHCND:USW00014739	BOSTON LOGAN INTERNATIONAL AIRPORT MA US	3.7	42.3606	-71.0106	20151224	61	206	89
GHCND:USW00014739	BOSTON LOGAN INTERNATIONAL AIRPORT MA US	3.7	42.3606	-71.0106	20151225	0	167	94
GHCND:USW00014739	BOSTON LOGAN INTERNATIONAL AIRPORT MA US	3.7	42.3606	-71.0106	20151226	0	128	50
GHCND:USW00014739	BOSTON LOGAN INTERNATIONAL AIRPORT MA US	3.7	42.3606	-71.0106	20151227	66	100	33
GHCND:USW00014739	BOSTON LOGAN INTERNATIONAL AIRPORT MA US	3.7	42.3606	-71.0106	20151228	0	33	-16
GHCND:USW00014739	BOSTON LOGAN INTERNATIONAL AIRPORT MA US	3.7	42.3606	-71.0106	20151229	259	44	-43
GHCND:USW00014739	BOSTON LOGAN INTERNATIONAL AIRPORT MA US	3.7	42.3606	-71.0106	20151230	8	28	-38
GHCND:USW00014739	BOSTON LOGAN INTERNATIONAL AIRPORT MA US	3.7	42.3606	-71.0106	20151231	20	83	6
